Workbook

Sheet Summary
A1: By epic
A2: Epic ID | B2: Epic | C2: Stories | D2: Sub-tasks | E2: Story points | F2: Hours | G2: Done items | H2: Due
A3: E1 | B3: Documentation & planning | C3: =COUNTIFS('Jira Import'!$O:$O,A3,'Jira Import'!$B:$B,"Story") -> 4 | D3: =COUNTIFS('Jira Import'!$O:$O,A3,'Jira Import'!$B:$B,"Sub-task") -> 0 | E3: =SUMIFS('Jira Import'!$H:$H,'Jira Import'!$O:$O,A3) -> 10 | F3: =SUMIFS('Jira Import'!$I:$I,'Jira Import'!$O:$O,A3,'Jira Import'!$B:$B,"Story") -> 8.5 | G3: =COUNTIFS('Jira Import'!$O:$O,A3,'Jira Import'!$N:$N,"Done",'Jira Import'!$B:$B,"Story") -> 3 | H3: =IF(INDEX('Jira Import'!$L:$L,MATCH(A3,'Jira Import'!$A:$A,0))="","",INDEX('Jira Import'!$L:$L,MATCH(A3,'Jira Import'!$A:$A,0))) -> 46302
A4: E2 | B4: Environment & infrastructure setup | C4: =COUNTIFS('Jira Import'!$O:$O,A4,'Jira Import'!$B:$B,"Story") -> 10 | D4: =COUNTIFS('Jira Import'!$O:$O,A4,'Jira Import'!$B:$B,"Sub-task") -> 3 | E4: =SUMIFS('Jira Import'!$H:$H,'Jira Import'!$O:$O,A4) -> 21 | F4: =SUMIFS('Jira Import'!$I:$I,'Jira Import'!$O:$O,A4,'Jira Import'!$B:$B,"Story") -> 12.5 | G4: =COUNTIFS('Jira Import'!$O:$O,A4,'Jira Import'!$N:$N,"Done",'Jira Import'!$B:$B,"Story") -> 0 | H4: =IF(INDEX('Jira Import'!$L:$L,MATCH(A4,'Jira Import'!$A:$A,0))="","",INDEX('Jira Import'!$L:$L,MATCH(A4,'Jira Import'!$A:$A,0))) -> 46303
A5: E8 | B5: STRETCH: Edge, nginx and subdomains | C5: =COUNTIFS('Jira Import'!$O:$O,A5,'Jira Import'!$B:$B,"Story") -> 4 | D5: =COUNTIFS('Jira Import'!$O:$O,A5,'Jira Import'!$B:$B,"Sub-task") -> 0 | E5: =SUMIFS('Jira Import'!$H:$H,'Jira Import'!$O:$O,A5) -> 7 | F5: =SUMIFS('Jira Import'!$I:$I,'Jira Import'!$O:$O,A5,'Jira Import'!$B:$B,"Story") -> 3.5 | G5: =COUNTIFS('Jira Import'!$O:$O,A5,'Jira Import'!$N:$N,"Done",'Jira Import'!$B:$B,"Story") -> 0 | H5: =IF(INDEX('Jira Import'!$L:$L,MATCH(A5,'Jira Import'!$A:$A,0))="","",INDEX('Jira Import'!$L:$L,MATCH(A5,'Jira Import'!$A:$A,0)))
A6: E3 | B6: MI common layer | C6: =COUNTIFS('Jira Import'!$O:$O,A6,'Jira Import'!$B:$B,"Story") -> 7 | D6: =COUNTIFS('Jira Import'!$O:$O,A6,'Jira Import'!$B:$B,"Sub-task") -> 0 | E6: =SUMIFS('Jira Import'!$H:$H,'Jira Import'!$O:$O,A6) -> 14 | F6: =SUMIFS('Jira Import'!$I:$I,'Jira Import'!$O:$O,A6,'Jira Import'!$B:$B,"Story") -> 7 | G6: =COUNTIFS('Jira Import'!$O:$O,A6,'Jira Import'!$N:$N,"Done",'Jira Import'!$B:$B,"Story") -> 0 | H6: =IF(INDEX('Jira Import'!$L:$L,MATCH(A6,'Jira Import'!$A:$A,0))="","",INDEX('Jira Import'!$L:$L,MATCH(A6,'Jira Import'!$A:$A,0))) -> 46304
A7: E4 | B7: Balance API: GET /accounts/{accountNumber}/balance | C7: =COUNTIFS('Jira Import'!$O:$O,A7,'Jira Import'!$B:$B,"Story") -> 4 | D7: =COUNTIFS('Jira Import'!$O:$O,A7,'Jira Import'!$B:$B,"Sub-task") -> 0 | E7: =SUMIFS('Jira Import'!$H:$H,'Jira Import'!$O:$O,A7) -> 8 | F7: =SUMIFS('Jira Import'!$I:$I,'Jira Import'!$O:$O,A7,'Jira Import'!$B:$B,"Story") -> 4.5 | G7: =COUNTIFS('Jira Import'!$O:$O,A7,'Jira Import'!$N:$N,"Done",'Jira Import'!$B:$B,"Story") -> 0 | H7: =IF(INDEX('Jira Import'!$L:$L,MATCH(A7,'Jira Import'!$A:$A,0))="","",INDEX('Jira Import'!$L:$L,MATCH(A7,'Jira Import'!$A:$A,0))) -> 46304
A8: E5 | B8: Customer API: GET /customers/{customerId} | C8: =COUNTIFS('Jira Import'!$O:$O,A8,'Jira Import'!$B:$B,"Story") -> 4 | D8: =COUNTIFS('Jira Import'!$O:$O,A8,'Jira Import'!$B:$B,"Sub-task") -> 0 | E8: =SUMIFS('Jira Import'!$H:$H,'Jira Import'!$O:$O,A8) -> 7 | F8: =SUMIFS('Jira Import'!$I:$I,'Jira Import'!$O:$O,A8,'Jira Import'!$B:$B,"Story") -> 4 | G8: =COUNTIFS('Jira Import'!$O:$O,A8,'Jira Import'!$N:$N,"Done",'Jira Import'!$B:$B,"Story") -> 0 | H8: =IF(INDEX('Jira Import'!$L:$L,MATCH(A8,'Jira Import'!$A:$A,0))="","",INDEX('Jira Import'!$L:$L,MATCH(A8,'Jira Import'!$A:$A,0))) -> 46304
A9: E6 | B9: Loan Eligibility API: POST /loans/eligibility | C9: =COUNTIFS('Jira Import'!$O:$O,A9,'Jira Import'!$B:$B,"Story") -> 6 | D9: =COUNTIFS('Jira Import'!$O:$O,A9,'Jira Import'!$B:$B,"Sub-task") -> 0 | E9: =SUMIFS('Jira Import'!$H:$H,'Jira Import'!$O:$O,A9) -> 14 | F9: =SUMIFS('Jira Import'!$I:$I,'Jira Import'!$O:$O,A9,'Jira Import'!$B:$B,"Story") -> 7 | G9: =COUNTIFS('Jira Import'!$O:$O,A9,'Jira Import'!$N:$N,"Done",'Jira Import'!$B:$B,"Story") -> 0 | H9: =IF(INDEX('Jira Import'!$L:$L,MATCH(A9,'Jira Import'!$A:$A,0))="","",INDEX('Jira Import'!$L:$L,MATCH(A9,'Jira Import'!$A:$A,0))) -> 46305
A10: E7 | B10: API Manager exposure | C10: =COUNTIFS('Jira Import'!$O:$O,A10,'Jira Import'!$B:$B,"Story") -> 7 | D10: =COUNTIFS('Jira Import'!$O:$O,A10,'Jira Import'!$B:$B,"Sub-task") -> 0 | E10: =SUMIFS('Jira Import'!$H:$H,'Jira Import'!$O:$O,A10) -> 17 | F10: =SUMIFS('Jira Import'!$I:$I,'Jira Import'!$O:$O,A10,'Jira Import'!$B:$B,"Story") -> 9.5 | G10: =COUNTIFS('Jira Import'!$O:$O,A10,'Jira Import'!$N:$N,"Done",'Jira Import'!$B:$B,"Story") -> 0 | H10: =IF(INDEX('Jira Import'!$L:$L,MATCH(A10,'Jira Import'!$A:$A,0))="","",INDEX('Jira Import'!$L:$L,MATCH(A10,'Jira Import'!$A:$A,0))) -> 46306
A11: E10 | B11: CI/CD pipeline (Jenkins) | C11: =COUNTIFS('Jira Import'!$O:$O,A11,'Jira Import'!$B:$B,"Story") -> 9 | D11: =COUNTIFS('Jira Import'!$O:$O,A11,'Jira Import'!$B:$B,"Sub-task") -> 0 | E11: =SUMIFS('Jira Import'!$H:$H,'Jira Import'!$O:$O,A11) -> 22 | F11: =SUMIFS('Jira Import'!$I:$I,'Jira Import'!$O:$O,A11,'Jira Import'!$B:$B,"Story") -> 10.5 | G11: =COUNTIFS('Jira Import'!$O:$O,A11,'Jira Import'!$N:$N,"Done",'Jira Import'!$B:$B,"Story") -> 0 | H11: =IF(INDEX('Jira Import'!$L:$L,MATCH(A11,'Jira Import'!$A:$A,0))="","",INDEX('Jira Import'!$L:$L,MATCH(A11,'Jira Import'!$A:$A,0))) -> 46307
A12: E11 | B12: Testing & QA | C12: =COUNTIFS('Jira Import'!$O:$O,A12,'Jira Import'!$B:$B,"Story") -> 5 | D12: =COUNTIFS('Jira Import'!$O:$O,A12,'Jira Import'!$B:$B,"Sub-task") -> 0 | E12: =SUMIFS('Jira Import'!$H:$H,'Jira Import'!$O:$O,A12) -> 8 | F12: =SUMIFS('Jira Import'!$I:$I,'Jira Import'!$O:$O,A12,'Jira Import'!$B:$B,"Story") -> 3.5 | G12: =COUNTIFS('Jira Import'!$O:$O,A12,'Jira Import'!$N:$N,"Done",'Jira Import'!$B:$B,"Story") -> 0 | H12: =IF(INDEX('Jira Import'!$L:$L,MATCH(A12,'Jira Import'!$A:$A,0))="","",INDEX('Jira Import'!$L:$L,MATCH(A12,'Jira Import'!$A:$A,0))) -> 46307
A13: E9 | B13: STRETCH: Observability, ELK | C13: =COUNTIFS('Jira Import'!$O:$O,A13,'Jira Import'!$B:$B,"Story") -> 5 | D13: =COUNTIFS('Jira Import'!$O:$O,A13,'Jira Import'!$B:$B,"Sub-task") -> 0 | E13: =SUMIFS('Jira Import'!$H:$H,'Jira Import'!$O:$O,A13) -> 11 | F13: =SUMIFS('Jira Import'!$I:$I,'Jira Import'!$O:$O,A13,'Jira Import'!$B:$B,"Story") -> 5.5 | G13: =COUNTIFS('Jira Import'!$O:$O,A13,'Jira Import'!$N:$N,"Done",'Jira Import'!$B:$B,"Story") -> 0 | H13: =IF(INDEX('Jira Import'!$L:$L,MATCH(A13,'Jira Import'!$A:$A,0))="","",INDEX('Jira Import'!$L:$L,MATCH(A13,'Jira Import'!$A:$A,0)))
A14: E12 | B14: Submission | C14: =COUNTIFS('Jira Import'!$O:$O,A14,'Jira Import'!$B:$B,"Story") -> 6 | D14: =COUNTIFS('Jira Import'!$O:$O,A14,'Jira Import'!$B:$B,"Sub-task") -> 0 | E14: =SUMIFS('Jira Import'!$H:$H,'Jira Import'!$O:$O,A14) -> 10 | F14: =SUMIFS('Jira Import'!$I:$I,'Jira Import'!$O:$O,A14,'Jira Import'!$B:$B,"Story") -> 7 | G14: =COUNTIFS('Jira Import'!$O:$O,A14,'Jira Import'!$N:$N,"Done",'Jira Import'!$B:$B,"Story") -> 0 | H14: =IF(INDEX('Jira Import'!$L:$L,MATCH(A14,'Jira Import'!$A:$A,0))="","",INDEX('Jira Import'!$L:$L,MATCH(A14,'Jira Import'!$A:$A,0))) -> 46307
A15: E13 | B15: Bonus (optional) | C15: =COUNTIFS('Jira Import'!$O:$O,A15,'Jira Import'!$B:$B,"Story") -> 2 | D15: =COUNTIFS('Jira Import'!$O:$O,A15,'Jira Import'!$B:$B,"Sub-task") -> 0 | E15: =SUMIFS('Jira Import'!$H:$H,'Jira Import'!$O:$O,A15) -> 13 | F15: =SUMIFS('Jira Import'!$I:$I,'Jira Import'!$O:$O,A15,'Jira Import'!$B:$B,"Story") -> 7 | G15: =COUNTIFS('Jira Import'!$O:$O,A15,'Jira Import'!$N:$N,"Done",'Jira Import'!$B:$B,"Story") -> 0 | H15: =IF(INDEX('Jira Import'!$L:$L,MATCH(A15,'Jira Import'!$A:$A,0))="","",INDEX('Jira Import'!$L:$L,MATCH(A15,'Jira Import'!$A:$A,0)))
A16: Total | C16: =SUM(C3:C15) -> 73 | D16: =SUM(D3:D15) -> 3 | E16: =SUM(E3:E15) -> 162 | F16: =SUM(F3:F15) -> 90 | G16: =SUM(G3:G15) -> 3
A17: Hours count stories only; sub-task hours are a breakdown of their parent story's estimate.
A19: Daily load (story hours by due date)
A20: Day | B20: Date | C20: Stories due | D20: Hours | E20: Capacity (h) | F20: Over / (under)
A21: Wed | B21: 46302 | C21: =COUNTIFS('Jira Import'!$L:$L,B21,'Jira Import'!$B:$B,"Story") -> 6 | D21: =SUMIFS('Jira Import'!$I:$I,'Jira Import'!$L:$L,B21,'Jira Import'!$B:$B,"Story") -> 11 | E21: 11 | F21: =D21-E21 -> 0
A22: Thu | B22: 46303 | C22: =COUNTIFS('Jira Import'!$L:$L,B22,'Jira Import'!$B:$B,"Story") -> 11 | D22: =SUMIFS('Jira Import'!$I:$I,'Jira Import'!$L:$L,B22,'Jira Import'!$B:$B,"Story") -> 13 | E22: 13 | F22: =D22-E22 -> 0
A23: Fri | B23: 46304 | C23: =COUNTIFS('Jira Import'!$L:$L,B23,'Jira Import'!$B:$B,"Story") -> 12 | D23: =SUMIFS('Jira Import'!$I:$I,'Jira Import'!$L:$L,B23,'Jira Import'!$B:$B,"Story") -> 12.5 | E23: 13 | F23: =D23-E23 -> -0.5
A24: Sat | B24: 46305 | C24: =COUNTIFS('Jira Import'!$L:$L,B24,'Jira Import'!$B:$B,"Story") -> 9 | D24: =SUMIFS('Jira Import'!$I:$I,'Jira Import'!$L:$L,B24,'Jira Import'!$B:$B,"Story") -> 12.5 | E24: 13 | F24: =D24-E24 -> -0.5
A25: Sun | B25: 46306 | C25: =COUNTIFS('Jira Import'!$L:$L,B25,'Jira Import'!$B:$B,"Story") -> 12 | D25: =SUMIFS('Jira Import'!$I:$I,'Jira Import'!$L:$L,B25,'Jira Import'!$B:$B,"Story") -> 13 | E25: 13 | F25: =D25-E25 -> 0
A26: Mon | B26: 46307 | C26: =COUNTIFS('Jira Import'!$L:$L,B26,'Jira Import'!$B:$B,"Story") -> 12 | D26: =SUMIFS('Jira Import'!$I:$I,'Jira Import'!$L:$L,B26,'Jira Import'!$B:$B,"Story") -> 12 | E26: 13 | F26: =D26-E26 -> -1
A27: Capacity (yellow): long days of 13 h Thu-Mon; Wed = 8 h docs already done + 3 h this evening. Edit to your real availability.

Sheet Jira Import
A1: Issue ID | B1: Issue Type | C1: Summary | D1: Description | E1: Parent ID | F1: Priority | G1: Labels | H1: Story Points | I1: Original Estimate (h) | J1: Original Estimate (s) | K1: Start Date | L1: Due Date | M1: Component | N1: Status | O1: Epic (rollup)
A2: E1 | B2: Epic | C2: Documentation & planning | D2: BRD, Solution Design Document and Jira plan for the Jamii Savings integration platform. | F2: Highest | G2: docs | J2: =IF(I2="","",I2*3600) | K2: 46302 | L2: 46302 | M2: Docs | N2: To Do | O2: E1
A3: S1.1 | B3: Story | C3: Business Requirements Document v1.1 | D3: BRD covering scope, FR/NFR, error matrix, risks, acceptance and traceability. AC: final draft approved. | E3: E1 | F3: High | G3: docs | H3: 3 | I3: 3 | J3: =IF(I3="","",I3*3600) -> 10800 | K3: 46302 | L3: 46302 | M3: Docs | N3: Done | O3: E1
A4: S1.2 | B4: Story | C4: Solution Design Document v1.1 with diagrams | D4: Architecture, loan sequence, pipeline and edge topology diagrams; ADR log. AC: final draft approved. | E4: E1 | F4: High | G4: docs | H4: 5 | I4: 4 | J4: =IF(I4="","",I4*3600) -> 14400 | K4: 46302 | L4: 46302 | M4: Docs | N4: Done | O4: E1
A5: S1.3 | B5: Story | C5: Jira project plan | D5: This workbook: epics, stories, sub-tasks, estimates and dates. AC: imported into Jira. | E5: E1 | F5: High | G5: docs | H5: 1 | I5: 1 | J5: =IF(I5="","",I5*3600) -> 3600 | K5: 46302 | L5: 46302 | M5: Docs | N5: Done | O5: E1
A6: S1.4 | B6: Story | C6: Create Jira project and import plan | D6: Create project, import CSV, check hierarchy and dates. AC: board shows all epics and stories. | E6: E1 | F6: High | G6: docs | H6: 1 | I6: 0.5 | J6: =IF(I6="","",I6*3600) -> 1800 | K6: 46302 | L6: 46302 | M6: Docs | N6: To Do | O6: E1
A7: E2 | B7: Epic | C7: Environment & infrastructure setup | D7: Workstation, repository, WSO2 distributions, Docker images and docker-compose stack. | F7: Highest | G7: infrastructure | J7: =IF(I7="","",I7*3600) | K7: 46302 | L7: 46303 | M7: Infrastructure | N7: To Do | O7: E2
A8: S2.1 | B8: Story | C8: Workstation prerequisites | D8: Install and verify Docker (10-12 GB RAM allocated), JDK 21, Maven 3.9, apictl, curl, jq, Git and the MI VS Code extension. AC: versions recorded in README. | E8: E2 | F8: Highest | G8: infrastructure | H8: 2 | I8: 1.5 | J8: =IF(I8="","",I8*3600) -> 5400 | K8: 46302 | L8: 46302 | M8: Infrastructure | N8: To Do | O8: E2
A9: T2.1.1 | B9: Sub-task | C9: Confirm supported JDK for chosen MI/APIM release | D9: Check release notes; set base image JDK accordingly. | E9: S2.1 | F9: High | G9: infrastructure | I9: 0.5 | J9: =IF(I9="","",I9*3600) -> 1800 | K9: 46302 | L9: 46302 | M9: Infrastructure | N9: To Do | O9: E2
A10: S2.2 | B10: Story | C10: Git repository scaffold | D10: Create repo per SDD section 10; .gitignore (dist zips, certs, .env), .env.example, README skeleton; push to GitHub. AC: clean clone shows full structure. | E10: E2 | F10: Highest | G10: infrastructure | H10: 1 | I10: 1 | J10: =IF(I10="","",I10*3600) -> 3600 | K10: 46302 | L10: 46302 | M10: Infrastructure | N10: To Do | O10: E2
A11: S2.3 | B11: Story | C11: Download WSO2 APIM and MI distributions | D11: Download latest matching 4.4.x zips into dist/; record SHA-256 in dist/checksums.txt. AC: checksums verified. | E11: E2 | F11: Highest | G11: infrastructure | H11: 1 | I11: 0.5 | J11: =IF(I11="","",I11*3600) -> 1800 | K11: 46303 | L11: 46303 | M11: Infrastructure | N11: To Do | O11: E2
A12: S2.4 | B12: Story | C12: Build jamii/mi image | D12: Multi-stage Dockerfile from eclipse-temurin + MI zip; non-root user; H2 driver in lib; log4j2 config; additional_contexts for dist. AC: container starts, management API answers on 9164. | E12: E2 | F12: Highest | G12: infrastructure | H12: 3 | I12: 2 | J12: =IF(I12="","",I12*3600) -> 7200 | K12: 46303 | L12: 46303 | M12: Infrastructure | N12: To Do | O12: E2
A13: S2.5 | B13: Story | C13: Build jamii/apim image | D13: Multi-stage Dockerfile from APIM zip; deployment.toml with public hostnames, proxy port 443, ELK analytics, admin creds from env; replace default keystores. AC: Publisher and Dev Portal log in on localhost:9443. | E13: E2 | F13: Highest | G13: infrastructure | H13: 5 | I13: 3 | J13: =IF(I13="","",I13*3600) -> 10800 | K13: 46303 | L13: 46303 | M13: Infrastructure | N13: To Do | O13: E2
A14: T2.5.1 | B14: Sub-task | C14: Configure deployment.toml for localhost | D14: Server hostname localhost; public hostnames and proxy port 443 are added with the nginx stretch (E8). | E14: S2.5 | F14: High | G14: infrastructure | I14: 1 | J14: =IF(I14="","",I14*3600) -> 3600 | K14: 46303 | L14: 46303 | M14: Infrastructure | N14: To Do | O14: E2
A15: T2.5.2 | B15: Sub-task | C15: Replace default keystores and admin credentials | D15: Project self-signed keystore; admin password from env. | E15: S2.5 | F15: High | G15: infrastructure | I15: 1 | J15: =IF(I15="","",I15*3600) -> 3600 | K15: 46303 | L15: 46303 | M15: Infrastructure | N15: To Do | O15: E2
A16: S2.6 | B16: Story | C16: DB schema and seed scripts | D16: db/schema.sql (accounts, CHECK on status) and db/seed.sql (one account per status plus a zero balance). AC: scripts run cleanly on H2. | E16: E2 | F16: Highest | G16: infrastructure | H16: 1 | I16: 0.5 | J16: =IF(I16="","",I16*3600) -> 1800 | K16: 46303 | L16: 46303 | M16: Infrastructure | N16: To Do | O16: E2
A17: S2.7 | B17: Story | C17: Build jamii/h2 image | D17: Temurin + H2 jar; RunScript schema and seed, then TCP server on 9092; healthcheck. AC: MI datasource connects. | E17: E2 | F17: Highest | G17: infrastructure | H17: 2 | I17: 1 | J17: =IF(I17="","",I17*3600) -> 3600 | K17: 46303 | L17: 46303 | M17: Infrastructure | N17: To Do | O17: E2
A18: S2.8 | B18: Story | C18: Build jamii/wiremock image | D18: Stubs mirroring the Beeceptor customer rules and DNE Divide, plus fault scenarios (delay, reset, SOAP fault). AC: stubs answer on 8089 and match beeceptor-rules.json. | E18: E2 | F18: High | G18: infrastructure | H18: 2 | I18: 1 | J18: =IF(I18="","",I18*3600) -> 3600 | K18: 46303 | L18: 46303 | M18: Infrastructure | N18: To Do | O18: E2
A19: S2.9 | B19: Story | C19: docker-compose.yml with profiles | D19: Services, jamii-net network, healthchecks, depends_on; profiles core, observability, ci. AC: compose --profile core up is healthy. | E19: E2 | F19: Highest | G19: infrastructure | H19: 3 | I19: 1.5 | J19: =IF(I19="","",I19*3600) -> 5400 | K19: 46303 | L19: 46303 | M19: Infrastructure | N19: To Do | O19: E2
A20: S2.10 | B20: Story | C20: Local image registry and tagging | D20: registry:2 service; images tagged with ${TAG} (build number). AC: push and pull work. | E20: E2 | F20: High | G20: infrastructure | H20: 1 | I20: 0.5 | J20: =IF(I20="","",I20*3600) -> 1800 | K20: 46303 | L20: 46303 | M20: Infrastructure | N20: To Do | O20: E2
A21: E8 | B21: Epic | C21: STRETCH: Edge, nginx and subdomains | D21: Stretch goal: start only after the pipeline is green. nginx as the single public entry with TLS and one subdomain per service under jamii.daqiqtech.co.ke. | F21: Low | G21: edge | J21: =IF(I21="","",I21*3600) | M21: Edge | N21: To Do | O21: E8
A22: S8.1 | B22: Story | C22: Build jamii/nginx image with server blocks | D22: Server blocks for api., portal., apim., mi., kibana., jenkins. (dev: *.dev.jamii.daqiqtech.co.ke). AC: each host routes to its service. | E22: E8 | F22: Low | G22: edge | H22: 3 | I22: 1.5 | J22: =IF(I22="","",I22*3600) -> 5400 | M22: Edge | N22: To Do | O22: E8
A23: S8.2 | B23: Story | C23: Wildcard TLS certificate and hosts entries | D23: mkcert wildcard for *.dev.jamii.daqiqtech.co.ke; /etc/hosts entries to 127.0.0.1. AC: all six hosts load over HTTPS without warnings. | E23: E8 | F23: Low | G23: edge | H23: 1 | I23: 0.5 | J23: =IF(I23="","",I23*3600) -> 1800 | M23: Edge | N23: To Do | O23: E8
A24: S8.3 | B24: Story | C24: Access controls on admin hosts | D24: IP allowlist on apim., mi., kibana., jenkins.; client_max_body_size 50m on apim.; proxy_ssl_verify off for internal HTTPS. AC: non-allowlisted IP gets 403. | E24: E8 | F24: Low | G24: edge | H24: 2 | I24: 1 | J24: =IF(I24="","",I24*3600) -> 3600 | M24: Edge | N24: To Do | O24: E8
A25: S8.4 | B25: Story | C25: Verify edge security | D25: Confirm MI 8290, Elasticsearch, H2 and registry are unreachable from outside the Docker network. AC: evidence in README. | E25: E8 | F25: Low | G25: edge | H25: 1 | I25: 0.5 | J25: =IF(I25="","",I25*3600) -> 1800 | M25: Edge | N25: To Do | O25: E8
A26: E3 | B26: Epic | C26: MI common layer | D26: Shared sequences, templates and class mediator used by all three APIs. | F26: Highest | G26: mi-common | J26: =IF(I26="","",I26*3600) | K26: 46303 | L26: 46304 | M26: MI Common | N26: To Do | O26: E3
A27: S3.1 | B27: Story | C27: MI multi-module Maven project | D27: Modules: common, balance-api, customer-api, loan-api, composite. AC: mvn clean install builds a CAR. | E27: E3 | F27: Highest | G27: mi-common | H27: 2 | I27: 1 | J27: =IF(I27="","",I27*3600) -> 3600 | K27: 46303 | L27: 46303 | M27: MI Common | N27: To Do | O27: E3
A28: S3.2 | B28: Story | C28: Common_InSeq: correlation ID | D28: Read or generate X-Correlation-ID (UUID v4); store as property; record start time. AC: ID returned on every response. | E28: E3 | F28: Highest | G28: mi-common | H28: 1 | I28: 0.5 | J28: =IF(I28="","",I28*3600) -> 1800 | K28: 46303 | L28: 46303 | M28: MI Common | N28: To Do | O28: E3
A29: S3.3 | B29: Story | C29: MaskingMediator class mediator | D29: Mask account numbers (last 4) and PII fields; drop financial amounts. AC: JUnit tests pass. | E29: E3 | F29: Highest | G29: mi-common | H29: 3 | I29: 1.5 | J29: =IF(I29="","",I29*3600) -> 5400 | K29: 46303 | L29: 46303 | M29: MI Common | N29: To Do | O29: E3
A30: S3.4 | B30: Story | C30: Common_MaskedLog template | D30: Logs REQUEST_IN, BACKEND_CALL, RESPONSE_OUT as key=value with masked fields. AC: three lines per request, no raw PII. | E30: E3 | F30: Highest | G30: mi-common | H30: 2 | I30: 1 | J30: =IF(I30="","",I30*3600) -> 3600 | K30: 46304 | L30: 46304 | M30: MI Common | N30: To Do | O30: E3
A31: S3.5 | B31: Story | C31: Common_ErrorResponse template | D31: Builds standard error JSON (code, message, httpStatus, details, requestId, timestamp). AC: validates against error schema. | E31: E3 | F31: Highest | G31: mi-common | H31: 2 | I31: 1 | J31: =IF(I31="","",I31*3600) -> 3600 | K31: 46304 | L31: 46304 | M31: MI Common | N31: To Do | O31: E3
A32: S3.6 | B32: Story | C32: Common_FaultSeq | D32: Classify timeout (504), connection (503), SQL (503 DB_UNAVAILABLE), malformed JSON (400), other (500). AC: no stack trace ever returned. | E32: E3 | F32: Highest | G32: mi-common | H32: 3 | I32: 1.5 | J32: =IF(I32="","",I32*3600) -> 5400 | K32: 46304 | L32: 46304 | M32: MI Common | N32: To Do | O32: E3
A33: S3.7 | B33: Story | C33: Common_HeaderHygiene | D33: Strip X-Internal-*, Server, X-Powered-By, Set-Cookie inbound and outbound. AC: headers absent in responses. | E33: E3 | F33: High | G33: mi-common | H33: 1 | I33: 0.5 | J33: =IF(I33="","",I33*3600) -> 1800 | K33: 46304 | L33: 46304 | M33: MI Common | N33: To Do | O33: E3
A34: E4 | B34: Epic | C34: Balance API: GET /accounts/{accountNumber}/balance | D34: DB-backed API using MI Data Services over H2. | F34: Highest | G34: balance-api | J34: =IF(I34="","",I34*3600) | K34: 46304 | L34: 46304 | M34: Balance API | N34: To Do | O34: E4
A35: S4.1 | B35: Story | C35: Datasource JamiiAccountsDS | D35: JDBC pool to jdbc:h2:tcp://h2:9092/jamii; credentials from env. AC: pool connects at startup. | E35: E4 | F35: Highest | G35: balance-api | H35: 1 | I35: 0.5 | J35: =IF(I35="","",I35*3600) -> 1800 | K35: 46304 | L35: 46304 | M35: Balance API | N35: To Do | O35: E4
A36: S4.2 | B36: Story | C36: AccountsDataService parameterised query | D36: getAccountByNumber with a bound parameter. AC: no string-built SQL. | E36: E4 | F36: Highest | G36: balance-api | H36: 2 | I36: 1 | J36: =IF(I36="","",I36*3600) -> 3600 | K36: 46304 | L36: 46304 | M36: Balance API | N36: To Do | O36: E4
A37: S4.3 | B37: Story | C37: BalanceAPI resource and envelope | D37: Regex validation (400), envelope via PayloadFactory, 404 ACCOUNT_NOT_FOUND, 503 DB_UNAVAILABLE. AC: matches BRD 8.2 envelope. | E37: E4 | F37: Highest | G37: balance-api | H37: 3 | I37: 2 | J37: =IF(I37="","",I37*3600) -> 7200 | K37: 46304 | L37: 46304 | M37: Balance API | N37: To Do | O37: E4
A38: S4.4 | B38: Story | C38: Balance API unit tests | D38: MI unit test suite for 200, 400, 404 against the H2 container. AC: tests run in mvn build. | E38: E4 | F38: High | G38: balance-api | H38: 2 | I38: 1 | J38: =IF(I38="","",I38*3600) -> 3600 | K38: 46304 | L38: 46304 | M38: Balance API | N38: To Do | O38: E4
A39: E5 | B39: Epic | C39: Customer API: GET /customers/{customerId} | D39: Managed proxy in front of a Beeceptor mock endpoint with gateway value; WireMock mirror for CI. | F39: Highest | G39: customer-api | J39: =IF(I39="","",I39*3600) | K39: 46304 | L39: 46304 | M39: Customer API | N39: To Do | O39: E5
A40: S5.1 | B40: Story | C40: CustomerBackendEP | D40: HTTP endpoint with 5 s timeout and configurable base URL (Beeceptor for demo, WireMock for CI). AC: switch backend by env var only. | E40: E5 | F40: Highest | G40: customer-api | H40: 1 | I40: 0.5 | J40: =IF(I40="","",I40*3600) -> 1800 | K40: 46304 | L40: 46304 | M40: Customer API | N40: To Do | O40: E5
A41: S5.0 | B41: Story | C41: Beeceptor endpoint and rules | D41: Create the Beeceptor endpoint; rules for /customers/1001-1005 (200, bank-shaped records with national ID, +254 phone, KYC status), 9999 (404), 5000 (500), 5004 (7 s delay); export to mocks/beeceptor-rules.json; check free-tier quota. AC: all four rules answer; export committed. | E41: E5 | F41: Highest | G41: customer-api | H41: 1 | I41: 0.5 | J41: =IF(I41="","",I41*3600) -> 1800 | K41: 46304 | L41: 46304 | M41: Customer API | N41: To Do | O41: E5
A42: S5.2 | B42: Story | C42: CustomerAPI resource | D42: Validation (400), header hygiene, correlation ID, 404 CUSTOMER_NOT_FOUND, 504 timeout, 503 unavailable via fault sequence. AC: all paths return the standard error body. | E42: E5 | F42: Highest | G42: customer-api | H42: 3 | I42: 2 | J42: =IF(I42="","",I42*3600) -> 7200 | K42: 46304 | L42: 46304 | M42: Customer API | N42: To Do | O42: E5
A43: S5.3 | B43: Story | C43: Customer API tests | D43: MI unit test suite with a mock service for CustomerBackendEP (200, 404, 5xx); WireMock delay for 504. AC: 404, 503 and 504 proven. | E43: E5 | F43: High | G43: customer-api | H43: 2 | I43: 1 | J43: =IF(I43="","",I43*3600) -> 3600 | K43: 46304 | L43: 46304 | M43: Customer API | N43: To Do | O43: E5
A44: E6 | B44: Epic | C44: Loan Eligibility API: POST /loans/eligibility | D44: REST/JSON to SOAP (DNE Calculator Divide) with fault mapping. | F44: Highest | G44: loan-api | J44: =IF(I44="","",I44*3600) | K44: 46305 | L44: 46305 | M44: Loan API | N44: To Do | O44: E6
A45: S6.1 | B45: Story | C45: Request JSON schema and validation | D45: loan-request.schema.json via Validate mediator; 400 with field details. AC: missing or wrong-typed fields return 400. | E45: E6 | F45: Highest | G45: loan-api | H45: 2 | I45: 1 | J45: =IF(I45="","",I45*3600) -> 3600 | K45: 46305 | L45: 46305 | M45: Loan API | N45: To Do | O45: E6
A46: S6.2 | B46: Story | C46: JSON to SOAP Divide mapping | D46: intA = (existingMonthlyDebt + requestedMonthlyInstalment) x 100; intB = monthlyIncome. AC: correct SOAP envelope logged (masked). | E46: E6 | F46: Highest | G46: loan-api | H46: 3 | I46: 1.5 | J46: =IF(I46="","",I46*3600) -> 5400 | K46: 46305 | L46: 46305 | M46: Loan API | N46: To Do | O46: E6
A47: S6.3 | B47: Story | C47: SOAP to JSON decision | D47: DivideResult = DTI %; ELIGIBLE when 40 or less; response per SDD 4.3. AC: clean JSON, no XML. | E47: E6 | F47: Highest | G47: loan-api | H47: 2 | I47: 1 | J47: =IF(I47="","",I47*3600) -> 3600 | K47: 46305 | L47: 46305 | M47: Loan API | N47: To Do | O47: E6
A48: S6.4 | B48: Story | C48: SOAP fault and transport error mapping | D48: Divide-by-zero fault -> 422 ELIGIBILITY_REJECTED; other faults -> 502; 10 s timeout -> 504; unreachable -> 503. AC: no SOAP XML ever reaches the client. | E48: E6 | F48: Highest | G48: loan-api | H48: 3 | I48: 1.5 | J48: =IF(I48="","",I48*3600) -> 5400 | K48: 46305 | L48: 46305 | M48: Loan API | N48: To Do | O48: E6
A49: S6.5 | B49: Story | C49: Loan API tests | D49: MI unit test suite with a mock service returning DivideResult and SOAP faults; WireMock delay for 504. AC: 200, 400, 422, 502, 504 proven. | E49: E6 | F49: High | G49: loan-api | H49: 2 | I49: 1 | J49: =IF(I49="","",I49*3600) -> 3600 | K49: 46305 | L49: 46305 | M49: Loan API | N49: To Do | O49: E6
A50: S6.6 | B50: Story | C50: Bake CARs into jamii/mi image | D50: Build CARs, copy into image, redeploy; verify all three APIs live on MI. AC: MI management API lists 3 APIs. | E50: E6 | F50: Highest | G50: loan-api | H50: 2 | I50: 1 | J50: =IF(I50="","",I50*3600) -> 3600 | K50: 46305 | L50: 46305 | M50: Loan API | N50: To Do | O50: E6
A51: E7 | B51: Epic | C51: API Manager exposure | D51: OpenAPI, security, tiers, mediation policy, API Product and Developer Portal for all three APIs. | F51: Highest | G51: api-manager | J51: =IF(I51="","",I51*3600) | K51: 46305 | L51: 46306 | M51: API Manager | N51: To Do | O51: E7
A52: S7.1 | B52: Story | C52: OpenAPI 3.0 definitions x3 | D52: Paths, parameter patterns, request/response schemas, all error responses via shared ErrorResponse. AC: spectral lint clean. | E52: E7 | F52: Highest | G52: api-manager | H52: 3 | I52: 2 | J52: =IF(I52="","",I52*3600) -> 7200 | K52: 46305 | L52: 46305 | M52: API Manager | N52: To Do | O52: E7
A53: S7.2 | B53: Story | C53: Custom tier LoanCheck-10PerMin | D53: Subscription tier for the Loan API. AC: tier visible in Publisher. | E53: E7 | F53: Highest | G53: api-manager | H53: 1 | I53: 0.5 | J53: =IF(I53="","",I53*3600) -> 1800 | K53: 46305 | L53: 46305 | M53: API Manager | N53: To Do | O53: E7
A54: S7.3 | B54: Story | C54: apictl projects x3 | D54: api.yaml, OAS, endpoints via api_params.yaml (dev/prod); OAuth2 (Balance, Loan), API Key (Customer); Gold / LoanCheck tiers. AC: apictl import succeeds for all three. | E54: E7 | F54: Highest | G54: api-manager | H54: 5 | I54: 3 | J54: =IF(I54="","",I54*3600) -> 10800 | K54: 46305 | L54: 46305 | M54: API Manager | N54: To Do | O54: E7
A55: S7.4 | B55: Story | C55: Custom policy jamii-gateway-context | D55: Operation policy (.j2 + .yaml) on Balance API: inject X-Correlation-ID and X-Channel, strip Authorization. AC: headers visible in MI logs. | E55: E7 | F55: Highest | G55: api-manager | H55: 3 | I55: 1.5 | J55: =IF(I55="","",I55*3600) -> 5400 | K55: 46306 | L55: 46306 | M55: API Manager | N55: To Do | O55: E7
A56: S7.5 | B56: Story | C56: API Product Jamii Retail Banking | D56: Bundle all three APIs; OAuth2, Gold tier. AC: one subscription grants access to all three. | E56: E7 | F56: Highest | G56: api-manager | H56: 2 | I56: 1 | J56: =IF(I56="","",I56*3600) -> 3600 | K56: 46306 | L56: 46306 | M56: API Manager | N56: To Do | O56: E7
A57: S7.6 | B57: Story | C57: apictl environments and publish | D57: Add dev env (localhost) and prod env (placeholder hostnames); import, publish, generate keys, call the gateway on localhost:8243. AC: 401 without token, 200 with token. | E57: E7 | F57: Highest | G57: api-manager | H57: 2 | I57: 1 | J57: =IF(I57="","",I57*3600) -> 3600 | K57: 46306 | L57: 46306 | M57: API Manager | N57: To Do | O57: E7
A58: S7.7 | B58: Story | C58: Developer Portal onboarding guide | D58: README section with steps and screenshots for discover, subscribe, generate keys, call. AC: a new app can follow it unaided. | E58: E7 | F58: High | G58: api-manager | H58: 1 | I58: 0.5 | J58: =IF(I58="","",I58*3600) -> 1800 | K58: 46306 | L58: 46306 | M58: API Manager | N58: To Do | O58: E7
A59: E10 | B59: Epic | C59: CI/CD pipeline (Jenkins) | D59: One declarative Jenkinsfile for all three APIs with dev and prod stages and rollback. | F59: Highest | G59: ci/cd | J59: =IF(I59="","",I59*3600) | K59: 46306 | L59: 46307 | M59: CI/CD | N59: To Do | O59: E10
A60: S10.1 | B60: Story | C60: Build jamii/jenkins image | D60: JDK 21, Maven, apictl, curl, jq, Docker CLI, plugins.txt; MI unpacked from the dist volume for unit tests. AC: Jenkins reachable on localhost:8080. | E60: E10 | F60: Highest | G60: ci/cd | H60: 2 | I60: 1 | J60: =IF(I60="","",I60*3600) -> 3600 | K60: 46306 | L60: 46306 | M60: CI/CD | N60: To Do | O60: E10
A61: S10.2 | B61: Story | C61: Jenkins credentials and job | D61: APIM admin, DB, registry credentials; pipeline job from Git; dist volume mounted. AC: job checks out repo. | E61: E10 | F61: Highest | G61: ci/cd | H61: 1 | I61: 0.5 | J61: =IF(I61="","",I61*3600) -> 1800 | K61: 46306 | L61: 46306 | M61: CI/CD | N61: To Do | O61: E10
A62: S10.3 | B62: Story | C62: Jenkinsfile: validate and build stages | D62: Checkout, Validate (xmllint, spectral, apictl), Build MI (mvn + unit tests), build and push all images; loop over APIS list. AC: green build to registry. | E62: E10 | F62: Highest | G62: ci/cd | H62: 5 | I62: 2.5 | J62: =IF(I62="","",I62*3600) -> 9000 | K62: 46306 | L62: 46306 | M62: CI/CD | N62: To Do | O62: E10
A63: S10.4 | B63: Story | C63: Jenkinsfile: package APIM stage | D63: Package three apictl projects and the product as artifacts. AC: archives archived per build. | E63: E10 | F63: Highest | G63: ci/cd | H63: 2 | I63: 1 | J63: =IF(I63="","",I63*3600) -> 3600 | K63: 46306 | L63: 46306 | M63: CI/CD | N63: To Do | O63: E10
A64: S10.5 | B64: Story | C64: Jenkinsfile: deploy dev stage | D64: Save rollback point (current tag + exported APIs), swap MI image, wait for health, apictl import loop with set -e. AC: all three updated or none. | E64: E10 | F64: Highest | G64: ci/cd | H64: 5 | I64: 2 | J64: =IF(I64="","",I64*3600) -> 7200 | K64: 46306 | L64: 46306 | M64: CI/CD | N64: To Do | O64: E10
A65: S10.6 | B65: Story | C65: Jenkinsfile: test dev stage | D65: gateway-check.sh (401, 200, 429, product subscription) and masked-log grep. AC: any failure fails the build. | E65: E10 | F65: Highest | G65: ci/cd | H65: 2 | I65: 1 | J65: =IF(I65="","",I65*3600) -> 3600 | K65: 46306 | L65: 46306 | M65: CI/CD | N65: To Do | O65: E10
A66: S10.7 | B66: Story | C66: Rollback on failure | D66: post { failure } runs rollback.sh: previous MI image and re-import previous API archives. AC: forced failure leaves dev unchanged. | E66: E10 | F66: Highest | G66: ci/cd | H66: 3 | I66: 1.5 | J66: =IF(I66="","",I66*3600) -> 5400 | K66: 46307 | L66: 46307 | M66: CI/CD | N66: To Do | O66: E10
A67: S10.8 | B67: Story | C67: Prod stage with approval | D67: input approval; same artifacts; apictl env prod (dry run). AC: stage pauses for approval. | E67: E10 | F67: High | G67: ci/cd | H67: 1 | I67: 0.5 | J67: =IF(I67="","",I67*3600) -> 1800 | K67: 46307 | L67: 46307 | M67: CI/CD | N67: To Do | O67: E10
A68: S10.9 | B68: Story | C68: Prove no partial deploy | D68: Break one API import deliberately; capture failed run and rollback evidence. AC: screenshots in README. | E68: E10 | F68: High | G68: ci/cd | H68: 1 | I68: 0.5 | J68: =IF(I68="","",I68*3600) -> 1800 | K68: 46307 | L68: 46307 | M68: CI/CD | N68: To Do | O68: E10
A69: E11 | B69: Epic | C69: Testing & QA | D69: Functional, contract, throttling, fault and masking tests. | F69: Highest | G69: testing | J69: =IF(I69="","",I69*3600) | K69: 46306 | L69: 46307 | M69: Testing | N69: To Do | O69: E11
A70: S11.1 | B70: Story | C70: MI unit test runtime in CI | D70: Configure the MI unit test plugin to run against MI unpacked from dist/ on the Jenkins agent; H2 container available for Balance tests. AC: mvn clean install runs all MI test suites in Jenkins. | E70: E11 | F70: Highest | G70: testing | H70: 2 | I70: 0.5 | J70: =IF(I70="","",I70*3600) -> 1800 | K70: 46306 | L70: 46306 | M70: Testing | N70: To Do | O70: E11
A71: S11.2 | B71: Story | C71: Error contract assertions | D71: JSON-path assertions ($.error.code, $.error.httpStatus, $.requestId, $.timestamp) in every MI error test. AC: all three APIs pass. | E71: E11 | F71: Highest | G71: testing | H71: 1 | I71: 0.5 | J71: =IF(I71="","",I71*3600) -> 1800 | K71: 46306 | L71: 46306 | M71: Testing | N71: To Do | O71: E11
A72: S11.3 | B72: Story | C72: gateway-check.sh | D72: curl script with exit codes: 401 without token, 200 with token, 429 past LoanCheck-10PerMin, product subscription grants all three APIs. AC: script fails on any mismatch. | E72: E11 | F72: High | G72: testing | H72: 2 | I72: 1 | J72: =IF(I72="","",I72*3600) -> 3600 | K72: 46307 | L72: 46307 | M72: Testing | N72: To Do | O72: E11
A73: S11.4 | B73: Story | C73: Fault drills | D73: Stop H2 -> 503; WireMock delay -> 504; SOAP fault -> 422. AC: all observed and recorded. | E73: E11 | F73: Highest | G73: testing | H73: 2 | I73: 1 | J73: =IF(I73="","",I73*3600) -> 3600 | K73: 46307 | L73: 46307 | M73: Testing | N73: To Do | O73: E11
A74: S11.5 | B74: Story | C74: Log masking verification | D74: grep MI logs for full account numbers or PII (Elasticsearch check added if ELK stretch is done). AC: zero hits. | E74: E11 | F74: Highest | G74: testing | H74: 1 | I74: 0.5 | J74: =IF(I74="","",I74*3600) -> 1800 | K74: 46307 | L74: 46307 | M74: Testing | N74: To Do | O74: E11
A75: E9 | B75: Epic | C75: STRETCH: Observability, ELK | D75: Stretch goal: start only after the pipeline is green. Filebeat, Logstash, Elasticsearch and Kibana with dashboards and correlation-ID tracing. | F75: Low | G75: observability | J75: =IF(I75="","",I75*3600) | M75: Observability | N75: To Do | O75: E9
A76: S9.1 | B76: Story | C76: Elasticsearch and Kibana services | D76: Security on (password from .env), heap caps, healthchecks. AC: Kibana loads at kibana.dev host. | E76: E9 | F76: Low | G76: observability | H76: 2 | I76: 1 | J76: =IF(I76="","",I76*3600) -> 3600 | M76: Observability | N76: To Do | O76: E9
A77: S9.2 | B77: Story | C77: Build jamii/filebeat image | D77: Inputs for MI logs and APIM apim_metrics.log on shared volumes. AC: events reach Logstash. | E77: E9 | F77: Low | G77: observability | H77: 2 | I77: 1 | J77: =IF(I77="","",I77*3600) -> 3600 | M77: Observability | N77: To Do | O77: E9
A78: S9.3 | B78: Story | C78: Build jamii/logstash image and pipeline | D78: kv for MI, json for APIM, date, re-mask regex, routing to jamii-mi-* and jamii-apim-analytics-*. AC: fields parsed. | E78: E9 | F78: Low | G78: observability | H78: 3 | I78: 1.5 | J78: =IF(I78="","",I78*3600) -> 5400 | M78: Observability | N78: To Do | O78: E9
A79: S9.4 | B79: Story | C79: Kibana dashboard and kibana-setup image | D79: Data views plus 5 panels (requests, error rate, p95 latency, 429s, trace search); ndjson imported at start; 7-day ILM. AC: dashboard populated after test run. | E79: E9 | F79: Low | G79: observability | H79: 3 | I79: 1.5 | J79: =IF(I79="","",I79*3600) -> 5400 | M79: Observability | N79: To Do | O79: E9
A80: S9.5 | B80: Story | C80: End-to-end trace check | D80: Trace one request by correlation ID across APIM and MI. AC: screenshot for README and video. | E80: E9 | F80: Low | G80: observability | H80: 1 | I80: 0.5 | J80: =IF(I80="","",I80*3600) -> 1800 | M80: Observability | N80: To Do | O80: E9
A81: E12 | B81: Epic | C81: Submission | D81: README, docs export, presentation, demo video and repository submission. | F81: Highest | G81: submission | J81: =IF(I81="","",I81*3600) | K81: 46307 | L81: 46307 | M81: Submission | N81: To Do | O81: E12
A82: S12.1 | B82: Story | C82: README.md | D82: Architecture decisions and trade-offs, what with more time, assumptions, how to run locally (half to one page). AC: clean clone runs by following it. | E82: E12 | F82: Highest | G82: submission | H82: 2 | I82: 1.5 | J82: =IF(I82="","",I82*3600) -> 5400 | K82: 46307 | L82: 46307 | M82: Submission | N82: To Do | O82: E12
A83: S12.2 | B83: Story | C83: Export BRD and SDD to docs/ | D83: PDF exports committed under docs/. AC: links in README. | E83: E12 | F83: High | G83: submission | H83: 1 | I83: 0.5 | J83: =IF(I83="","",I83*3600) -> 1800 | K83: 46307 | L83: 46307 | M83: Submission | N83: To Do | O83: E12
A84: S12.3 | B84: Story | C84: Presentation deck | D84: Problem, architecture, three APIs, APIM, pipeline, trade-offs, next steps (observability and edge if stretch done). AC: rehearsed in under 10 minutes. | E84: E12 | F84: Highest | G84: submission | H84: 3 | I84: 2 | J84: =IF(I84="","",I84*3600) -> 7200 | K84: 46307 | L84: 46307 | M84: Submission | N84: To Do | O84: E12
A85: S12.4 | B85: Story | C85: Demo script and dry run | D85: Script one live call per API plus failure paths (Kibana trace if ELK stretch done). AC: fits 5 minutes. | E85: E12 | F85: Highest | G85: submission | H85: 1 | I85: 1 | J85: =IF(I85="","",I85*3600) -> 3600 | K85: 46307 | L85: 46307 | M85: Submission | N85: To Do | O85: E12
A86: S12.5 | B86: Story | C86: Record 5-minute screen recording | D86: Live call to each of the three APIs through the gateway. AC: video linked in README. | E86: E12 | F86: Highest | G86: submission | H86: 2 | I86: 1 | J86: =IF(I86="","",I86*3600) -> 3600 | K86: 46307 | L86: 46307 | M86: Submission | N86: To Do | O86: E12
A87: S12.6 | B87: Story | C87: Final repo check and submit | D87: Fresh clone, compose up, MI unit tests and gateway-check.sh green, secrets scan; submit Git link. AC: submitted by 12 Oct. | E87: E12 | F87: Highest | G87: submission | H87: 1 | I87: 1 | J87: =IF(I87="","",I87*3600) -> 3600 | K87: 46307 | L87: 46307 | M87: Submission | N87: To Do | O87: E12
A88: E13 | B88: Epic | C88: Bonus (optional) | D88: Only after every core acceptance criterion passes. | F88: Low | G88: bonus | J88: =IF(I88="","",I88*3600) | M88: Bonus | N88: To Do | O88: E13
A89: S13.1 | B89: Story | C89: Bonus A: customer dashboard aggregation | D89: Scatter-gather Customer + Balance in parallel; partial data with failed section flagged; 503 if both fail. | E89: E13 | F89: Low | G89: bonus | H89: 5 | I89: 3 | J89: =IF(I89="","",I89*3600) -> 10800 | M89: Bonus | N89: To Do | O89: E13
A90: S13.2 | B90: Story | C90: Bonus B: RabbitMQ loan events with DLQ | D90: Inbound consumer, transform, call Loan API, publish decision; DLQ for malformed messages; 3 retries with backoff. | E90: E13 | F90: Low | G90: bonus | H90: 8 | I90: 4 | J90: =IF(I90="","",I90*3600) -> 14400 | M90: Bonus | N90: To Do | O90: E13

Sheet How to import
A1: How to import into Jira
A2: 1. Jira imports CSV, not .xlsx. Use the companion file jamii-jira-import.csv (same rows, computed values).
A3: 2. Jira: Settings (cog) > System > External System Import > CSV (company-managed), or Project > Import work items (team-managed).
A4: 3. Date format setting: yyyy-MM-dd. File encoding: UTF-8.
A5: 4. Field mapping: Issue ID > Issue Id; Parent ID > Parent Id; Issue Type, Summary, Description, Priority, Labels, Component, Status, Due Date, Start Date as named; Story Points > Story point estimate; Original Estimate (s) > Original Estimate.
A6: 5. Do not map 'Original Estimate (h)' or 'Epic (rollup)'; they exist for this workbook's Summary sheet.
A7: 6. Status 'Done' only imports if your workflow has a Done status; otherwise map it to the nearest status.
A8: 7. If Components do not exist in the project yet, let the importer create them or create them first.
A10: Editing
A11: Edit rows on 'Jira Import'. The Summary sheet recalculates. Yellow cells on Summary are the only manual inputs.
